{ 
	"r2b2": {
		"open_001": {
			"backupscores":[0.8913043478260869,0.8913043478260869,0.8913043478260869],
			"mainscore":0.8913043478260869
		},

		"open_002": {
			"backupscores":[0.68,0.84,0.68],
			"mainscore":0.84
		},

		"open_003": {
			"backupscores":[0.875,0.875,0.875],
			"mainscore":0.875
		},

		"open_004": {
			"backupscores":[0.8709677419354839,0,0],
			"mainscore":0.8709677419354839
		},

		"open_005": {
			"backupscores":[0.8717948717948718,0,0],
			"mainscore":0.8717948717948718
		},

		"open_006": {
			"backupscores":[0.1951219512195122,0,0],
			"mainscore":0.7073170731707317
		},

		"open_007": {
			"backupscores":[0.3333333333333333,0.47619047619047616,0.3333333333333333],
			"mainscore":0.47619047619047616
		},

		"open_008": {
			"backupscores":[0.8620689655172413,0,0],
			"mainscore":0.8620689655172413
		},

		"open_009": {
			"backupscores":[0.5098039215686274,0,0],
			"mainscore":0.7254901960784313
		},

		"open_010": {
			"backupscores":[0.8163265306122449,0.8571428571428571,0.8163265306122449],
			"mainscore":0.8571428571428571
		},

		"open_011": {
			"backupscores":[0.11864406779661017,0.3389830508474576,0.11864406779661017],
			"mainscore":0.3389830508474576
		},

		"open_012": {
			"backupscores":[0.19148936170212766,0.2765957446808511,0.19148936170212766],
			"mainscore":0.2765957446808511
		},

		"open_013": {
			"backupscores":[0.8717948717948718,0.8717948717948718,0.8717948717948718],
			"mainscore":0.8717948717948718
		},

		"open_014": {
			"backupscores":[0.3541666666666667,0.4583333333333333,0.3541666666666667],
			"mainscore":0.4583333333333333
		},

		"open_015": {
			"backupscores":[0.864406779661017,0.864406779661017,0.864406779661017],
			"mainscore":0.864406779661017
		},

		"open_016": {
			"backupscores":[0.05952380952380952,0,0],
			"mainscore":0.21428571428571427
		},

		"open_017": {
			"backupscores":[0.8717948717948718,0,0],
			"mainscore":0.8717948717948718
		},

		"open_018": {
			"backupscores":[0.8727272727272727,0,0],
			"mainscore":0.8727272727272727
		},

		"open_019": {
			"backupscores":[0.16216216216216217,0.10526315789473684,0.07894736842105263],
			"mainscore":0.16216216216216217
		},

		"open_020": {
			"backupscores":[0.13157894736842105,0.07894736842105263,0.02631578947368421],
			"mainscore":0.21052631578947367
		},

		"open_021": {
			"backupscores":[0,0,0],
			"mainscore":0
		},

		"open_022": {
			"backupscores":[0.62,0.82,0.62],
			"mainscore":0.82
		},

		"open_023": {
			"backupscores":[0.8695652173913043,0,0],
			"mainscore":0.8695652173913043
		},

		"open_024": {
			"backupscores":[0.86,0,0],
			"mainscore":0.86
		},

		"open_025": {
			"backupscores":[0.56,0,0],
			"mainscore":0.6
		},
	},

	"r2b2_meta": {
		"single_score": 0.5,
		"mean": 0.2,
		"mode": 0.2,
		"median": 0.4,
		"high_score": 0.8,
		"low_socre": 0.0,
		"range": 0.1,

		"a whole bunch of broad characterisation info": 0.3,

	},

}

