{"btrack":{"open_001":{"backupscores":[0.7441860465116279,0.8604651162790697,0.7441860465116279],"mainscore":0.8604651162790697},"open_002":{"backupscores":[0.9347826086956522,0.9565217391304348,0.9347826086956522],"mainscore":0.9565217391304348},"open_003":{"backupscores":[0.13953488372093023,0.27906976744186046,0.13953488372093023],"mainscore":0.3023255813953488},"open_004":{"backupscores":[0.30357142857142855,0.48214285714285715,0.30357142857142855],"mainscore":0.48214285714285715},"open_005":{"backupscores":[0.08888888888888889,0.014084507042253521,0.014084507042253521],"mainscore":0.17777777777777778},"open_006":{"backupscores":[1,1,1],"mainscore":1},"open_007":{"backupscores":[0.1111111111111111,0.26666666666666666,0.08888888888888889],"mainscore":0.26666666666666666},"open_008":{"backupscores":[0.6415094339622641,0.9245283018867925,0.6415094339622641],"mainscore":0.9245283018867925},"open_009":{"backupscores":[1,1,1],"mainscore":1},"open_010":{"backupscores":[1,1,1],"mainscore":1},"open_011":{"backupscores":[1,1,1],"mainscore":1},"open_012":{"backupscores":[0.11363636363636363,0.1590909090909091,0.09090909090909091],"mainscore":0.3181818181818182},"open_013":{"backupscores":[0.15789473684210525,0.18421052631578946,0.15789473684210525],"mainscore":0.18421052631578946},"open_014":{"backupscores":[0.15555555555555556,0.4222222222222222,0.15555555555555556],"mainscore":0.4222222222222222},"open_015":{"backupscores":[0.038461538461538464,0,0],"mainscore":0.14705882352941177},"open_016":{"backupscores":[0.525,0.55,0.525],"mainscore":0.55},"open_017":{"backupscores":[0.8888888888888888,0,0],"mainscore":0.8888888888888888},"open_018":{"backupscores":[0.2857142857142857,0,0],"mainscore":0.32653061224489793},"open_019":{"backupscores":[0.06,0.14,0.06],"mainscore":0.14},"open_020":{"backupscores":[0.05263157894736842,0,0],"mainscore":0.05263157894736842},"open_021":{"backupscores":[0.2807017543859649,0.15789473684210525,0.15789473684210525],"mainscore":0.543859649122807},"open_022":{"backupscores":[0.22727272727272727,0.13333333333333333,0.06666666666666667],"mainscore":0.5},"open_023":{"backupscores":[0.36363636363636365,0.36363636363636365,0.36363636363636365],"mainscore":0.36363636363636365},"open_024":{"backupscores":[0.20454545454545456,0.2,0.1111111111111111],"mainscore":0.20454545454545456},"open_025":{"backupscores":[0.6666666666666666,0.7333333333333333,0.6666666666666666],"mainscore":0.7333333333333333}},"btrack_data":{"mean_score":0.53382,"median_score":0.48214,"max_score":1,"min_score":0.052632}}