{"ellis_beat2":{"open_001":{"backupscores":[0.9759036144578314,0,0],"mainscore":0.9759036144578314},"open_002":{"backupscores":[0.978021978021978,0,0],"mainscore":0.978021978021978},"open_003":{"backupscores":[0.5529411764705883,0,0],"mainscore":0.9764705882352941},"open_004":{"backupscores":[0.21621621621621623,0,0],"mainscore":0.7747747747747747},"open_005":{"backupscores":[0.9436619718309859,0.9436619718309859,0.9436619718309859],"mainscore":0.9436619718309859},"open_006":{"backupscores":[0.684931506849315,0,0],"mainscore":0.9452054794520548},"open_007":{"backupscores":[0,0,0],"mainscore":0},"open_008":{"backupscores":[0.23809523809523808,0,0],"mainscore":0.8952380952380953},"open_009":{"backupscores":[0.9565217391304348,0.9565217391304348,0.9565217391304348],"mainscore":0.9565217391304348},"open_010":{"backupscores":[0.9555555555555556,0.9555555555555556,0.9555555555555556],"mainscore":0.9555555555555556},"open_011":{"backupscores":[0.9629629629629629,0.9629629629629629,0.9629629629629629],"mainscore":0.9629629629629629},"open_012":{"backupscores":[0.19047619047619047,0.23809523809523808,0.19047619047619047],"mainscore":0.40476190476190477},"open_013":{"backupscores":[0.9710144927536232,0,0],"mainscore":0.9710144927536232},"open_014":{"backupscores":[0.017857142857142856,0.05357142857142857,0.017857142857142856],"mainscore":0.05357142857142857},"open_015":{"backupscores":[0.9904761904761905,0,0],"mainscore":0.9904761904761905},"open_016":{"backupscores":[0.4430379746835443,0,0],"mainscore":0.8987341772151899},"open_017":{"backupscores":[0.6811594202898551,0,0],"mainscore":0.927536231884058},"open_018":{"backupscores":[0.98989898989899,0,0],"mainscore":0.98989898989899},"open_019":{"backupscores":[0.5789473684210527,0.8947368421052632,0.5789473684210527],"mainscore":0.8947368421052632},"open_020":{"backupscores":[0.06666666666666667,0,0],"mainscore":0.23333333333333334},"open_021":{"backupscores":[0.5,0.75,0.5],"mainscore":0.75},"open_022":{"backupscores":[0.34831460674157305,0,0],"mainscore":0.9325842696629213},"open_023":{"backupscores":[0.1951219512195122,0,0],"mainscore":0.6829268292682927},"open_024":{"backupscores":[0.9887640449438202,0,0],"mainscore":0.9887640449438202},"open_025":{"backupscores":[0.8636363636363636,0,0],"mainscore":0.9090909090909091}},"ellis_beat2_data":{"mean_score":0.79967,"median_score":0.93258,"max_score":0.99048,"min_score":0}}