{"essentia_multifeature":{"open_001":{"backupscores":[0.9761904761904762,0.9761904761904762,0.9761904761904762],"mainscore":0.9761904761904762},"open_002":{"backupscores":[1,1,1],"mainscore":1},"open_003":{"backupscores":[1,1,1],"mainscore":1},"open_004":{"backupscores":[1,1,1],"mainscore":1},"open_005":{"backupscores":[0,0,0],"mainscore":0},"open_006":{"backupscores":[0.9733333333333334,0,0],"mainscore":0.9733333333333334},"open_007":{"backupscores":[0.9761904761904762,0.9761904761904762,0.9761904761904762],"mainscore":0.9761904761904762},"open_008":{"backupscores":[1,1,1],"mainscore":1},"open_009":{"backupscores":[1,1,1],"mainscore":1},"open_010":{"backupscores":[1,1,1],"mainscore":1},"open_011":{"backupscores":[1,1,1],"mainscore":1},"open_012":{"backupscores":[0.2619047619047619,0.38095238095238093,0.2619047619047619],"mainscore":0.38095238095238093},"open_013":{"backupscores":[1,1,1],"mainscore":1},"open_014":{"backupscores":[0.9777777777777777,0.9777777777777777,0.9777777777777777],"mainscore":0.9777777777777777},"open_015":{"backupscores":[1,1,1],"mainscore":1},"open_016":{"backupscores":[0.975,0.975,0.975],"mainscore":0.975},"open_017":{"backupscores":[0.9714285714285714,0,0],"mainscore":0.9714285714285714},"open_018":{"backupscores":[1,0,0],"mainscore":1},"open_019":{"backupscores":[0.28205128205128205,0.6153846153846154,0.28205128205128205],"mainscore":0.6153846153846154},"open_020":{"backupscores":[0,0,0],"mainscore":0},"open_021":{"backupscores":[0.9642857142857143,0.9642857142857143,0.9642857142857143],"mainscore":0.9642857142857143},"open_022":{"backupscores":[1,1,1],"mainscore":1},"open_023":{"backupscores":[0,0,0],"mainscore":0},"open_024":{"backupscores":[1,0,0],"mainscore":1},"open_025":{"backupscores":[0.45454545454545453,0.45454545454545453,0.45454545454545453],"mainscore":0.45454545454545453}},"essentia_multifeature_data":{"mean_score":0.8106,"median_score":0.97778,"max_score":1,"min_score":0}}